{"cameraMode":{"drawMode":0,"name":"Shaded","section":"Shading Mode"},"sceneLighting":true,"audioPlay":false,"sceneViewState":{"m_AlwaysRefresh":false,"showFog":true,"showSkybox":true,"showFlares":true,"showImageEffects":true,"showParticleSystems":true,"showVisualEffectGraphs":true,"m_FxEnabled":true},"in2DMode":false,"pivot":{"x":5.214858055114746,"y":0.3450286388397217,"z":1.6378769874572755},"rotation":{"x":0.0038960452657192947,"y":0.03149482235312462,"z":-0.0001223409199155867,"w":0.9994971752166748},"size":1.172990322113037,"orthographic":false}